{"test_images/Bolivia_103757_S2Hand.tif": {"Original_IoU": 0.9334030880606301, "Original_mIoU": 0.7580757141113281, "Original_F1": 0, "Original_mF1": 0, "MC_IoU": 0.39152197273909844, "MC_mIoU": 0.8892478942871094, "MC_F1": 0, "MC_mF1": 0}, "test_images/Bolivia_129334_S2Hand.tif": {"Original_IoU": 0.9703721200436661, "Original_mIoU": 0.8944129943847656, "Original_F1": 0, "Original_mF1": 0, "MC_IoU": 0.5427692268406504, "MC_mIoU": 0.7060928344726562, "MC_F1": 0, "MC_mF1": 0}}